{
  "env": {
    "generatedAt": "2026-05-05T15:16:51.117Z",
    "packageName": "numwiz",
    "packageVersion": "1.2.0",
    "node": "v25.8.2",
    "platform": "win32 x64",
    "cpu": "AMD Ryzen 7 4800H with Radeon Graphics",
    "logicalCores": 16,
    "totalMemoryGb": 15.42,
    "warmupRuns": 3,
    "measuredRuns": 7,
    "targetSampleMs": 15,
    "maxBatchRuns": 8192,
    "deterministicSeed": 1592594996,
    "gcExposed": true
  },
  "results": [
    {
      "category": "arithmetic",
      "name": "validated floating-point reduction",
      "batchRuns": 1024,
      "unitsPerWorkload": 2000,
      "timing": {
        "count": 7,
        "mean": 0.014825906808035713,
        "median": 0.014903515625000002,
        "p95": 0.015342158203125005,
        "stdDev": 0.000467353203566087,
        "min": 0.014080859375000004,
        "max": 0.015366796875000005
      },
      "memory": {
        "count": 7,
        "mean": 521.4151785714286,
        "median": 522.296875,
        "p95": 522.48828125,
        "stdDev": 1.8781463866047208,
        "min": 517.3828125,
        "max": 522.5234375
      },
      "unitsPerSecond": 134196524.51969698,
      "samples": {
        "msPerWorkload": [
          0.014903515625000002,
          0.015366796875000005,
          0.015284667968749999,
          0.015015039062499985,
          0.01475849609374999,
          0.014080859375000004,
          0.01437197265625001
        ],
        "heapDeltaBytesPerWorkload": [
          520.75,
          522.296875,
          522.25,
          522.296875,
          522.5234375,
          522.40625,
          517.3828125
        ]
      }
    },
    {
      "category": "formatting",
      "name": "commas, abbreviations, and currency formatting",
      "batchRuns": 1,
      "unitsPerWorkload": 600,
      "timing": {
        "count": 7,
        "mean": 24.439414285714292,
        "median": 24.27449999999999,
        "p95": 25.196170000000016,
        "stdDev": 0.48494352052094175,
        "min": 24.037800000000004,
        "max": 25.384900000000016
      },
      "memory": {
        "count": 7,
        "mean": 1044006.8571428572,
        "median": 1043968,
        "p95": 1044158.4,
        "stdDev": 102.8063366585098,
        "min": 1043968,
        "max": 1044240
      },
      "unitsPerSecond": 24717.295927825504,
      "samples": {
        "msPerWorkload": [
          25.384900000000016,
          24.40530000000001,
          24.755800000000022,
          24.174800000000005,
          24.0428,
          24.037800000000004,
          24.27449999999999
        ],
        "heapDeltaBytesPerWorkload": [
          1043968,
          1043968,
          1043968,
          1043968,
          1044240,
          1043968,
          1043968
        ]
      }
    },
    {
      "category": "statistics",
      "name": "mean, standard deviation, quartiles, skewness",
      "batchRuns": 16,
      "unitsPerWorkload": 2000,
      "timing": {
        "count": 7,
        "mean": 1.5399383928571422,
        "median": 1.5192874999999972,
        "p95": 1.6275312499999954,
        "stdDev": 0.05754403029200105,
        "min": 1.5087562500000047,
        "max": 1.669606249999994
      },
      "memory": {
        "count": 7,
        "mean": 221219.42857142858,
        "median": 242910,
        "p95": 243091.3,
        "stdDev": 57502.14707254315,
        "min": 90817,
        "max": 243169
      },
      "unitsPerSecond": 1316406.5392494863,
      "samples": {
        "msPerWorkload": [
          1.669606249999994,
          1.5192874999999972,
          1.5168312500000027,
          1.5136812499999976,
          1.5087562500000047,
          1.5293562499999993,
          1.5220500000000001
        ],
        "heapDeltaBytesPerWorkload": [
          90817,
          242910,
          242910,
          242910,
          242910,
          243169,
          242910
        ]
      }
    },
    {
      "category": "matrix",
      "name": "8x8 multiply plus 4x4 solve",
      "batchRuns": 256,
      "unitsPerWorkload": 512,
      "timing": {
        "count": 7,
        "mean": 0.06458459821428576,
        "median": 0.06273750000000033,
        "p95": 0.07230781249999989,
        "stdDev": 0.005171826761015467,
        "min": 0.06215429687499974,
        "max": 0.07629804687499986
      },
      "memory": {
        "count": 7,
        "mean": 9747.629464285714,
        "median": 8879.9375,
        "p95": 13157.887499999997,
        "stdDev": 2296.8191604202025,
        "min": 8771.40625,
        "max": 14954.625
      },
      "unitsPerSecond": 8160988.244670209,
      "samples": {
        "msPerWorkload": [
          0.07629804687499986,
          0.06273750000000033,
          0.06215429687499974,
          0.06299726562499997,
          0.06262851562500016,
          0.06278242187500016,
          0.06249414062500014
        ],
        "heapDeltaBytesPerWorkload": [
          14954.625,
          8965.5,
          8879.90625,
          8879.9375,
          8865.3125,
          8916.71875,
          8771.40625
        ]
      }
    },
    {
      "category": "ndarray",
      "name": "vector add, multiply, and sum",
      "batchRuns": 16,
      "unitsPerWorkload": 2048,
      "timing": {
        "count": 7,
        "mean": 1.2588910714285717,
        "median": 1.254718749999995,
        "p95": 1.2786500000000018,
        "stdDev": 0.016947641051261123,
        "min": 1.2385687499999989,
        "max": 1.2801125000000013
      },
      "memory": {
        "count": 7,
        "mean": 248172.42857142858,
        "median": 248164,
        "p95": 248207.40000000002,
        "stdDev": 23.64922227655096,
        "min": 248161,
        "max": 248226
      },
      "unitsPerSecond": 1632238.3004159364,
      "samples": {
        "msPerWorkload": [
          1.2385687499999989,
          1.2404437500000043,
          1.2510750000000002,
          1.254718749999995,
          1.2720812499999994,
          1.2801125000000013,
          1.275237500000003
        ],
        "heapDeltaBytesPerWorkload": [
          248161,
          248164,
          248164,
          248164,
          248164,
          248226,
          248164
        ]
      }
    },
    {
      "category": "linalg",
      "name": "solve, inverse, and eigenvalues on small dense matrices",
      "batchRuns": 1024,
      "unitsPerWorkload": 16,
      "timing": {
        "count": 7,
        "mean": 0.01584881417410717,
        "median": 0.01565302734375007,
        "p95": 0.01980370117187502,
        "stdDev": 0.002644721311892873,
        "min": 0.013418164062500182,
        "max": 0.020632714843749955
      },
      "memory": {
        "count": 7,
        "mean": 2489.5636160714284,
        "median": 2361.3984375,
        "p95": 3607.9171875,
        "stdDev": 902.7109715255268,
        "min": 1449.125,
        "max": 3655.5703125
      },
      "unitsPerSecond": 1022166.4888606017,
      "samples": {
        "msPerWorkload": [
          0.017869335937500175,
          0.020632714843749955,
          0.01565302734375007,
          0.015920214843749836,
          0.013626757812500001,
          0.013418164062500182,
          0.01382148437499997
        ],
        "heapDeltaBytesPerWorkload": [
          1594.65625,
          2361.3984375,
          3496.7265625,
          3655.5703125,
          2986.8046875,
          1882.6640625,
          1449.125
        ]
      }
    },
    {
      "category": "fft",
      "name": "512-sample real FFT and magnitude spectrum",
      "batchRuns": 256,
      "unitsPerWorkload": 512,
      "timing": {
        "count": 7,
        "mean": 0.0999263392857144,
        "median": 0.09859570312500043,
        "p95": 0.11139367187500034,
        "stdDev": 0.008250741944081586,
        "min": 0.08921171874999967,
        "max": 0.11235625000000038
      },
      "memory": {
        "count": 7,
        "mean": 18548.584821428572,
        "median": 14745.9375,
        "p95": 35330.04374999998,
        "stdDev": 11316.699893263532,