{
  "env": {
    "generatedAt": "2026-05-05T14:41:17.828Z",
    "packageName": "numwiz",
    "packageVersion": "1.1.2",
    "node": "v25.8.2",
    "platform": "win32 x64",
    "cpu": "AMD Ryzen 7 4800H with Radeon Graphics",
    "logicalCores": 16,
    "totalMemoryGb": 15.42,
    "warmupRuns": 3,
    "measuredRuns": 7,
    "targetSampleMs": 15,
    "maxBatchRuns": 8192,
    "deterministicSeed": 1592594996,
    "gcExposed": true
  },
  "results": [
    {
      "category": "arithmetic",
      "name": "validated floating-point reduction",
      "batchRuns": 1024,
      "unitsPerWorkload": 2000,
      "timing": {
        "count": 7,
        "mean": 0.01587717633928571,
        "median": 0.015798437499999998,
        "p95": 0.016737216796874996,
        "stdDev": 0.0005946138321142334,
        "min": 0.015229394531249996,
        "max": 0.01700888671874999
      },
      "memory": {
        "count": 7,
        "mean": 521.4151785714286,
        "median": 522.296875,
        "p95": 522.48828125,
        "stdDev": 1.8781463866047208,
        "min": 517.3828125,
        "max": 522.5234375
      },
      "unitsPerSecond": 126594797.7450302,
      "samples": {
        "msPerWorkload": [
          0.015798437499999998,
          0.01700888671874999,
          0.016103320312500002,
          0.0159978515625,
          0.015683300781249992,
          0.015229394531249996,
          0.015319042968750002
        ],
        "heapDeltaBytesPerWorkload": [
          520.75,
          522.25,
          522.296875,
          522.296875,
          522.5234375,
          522.40625,
          517.3828125
        ]
      }
    },
    {
      "category": "formatting",
      "name": "commas, abbreviations, and currency formatting",
      "batchRuns": 1,
      "unitsPerWorkload": 600,
      "timing": {
        "count": 7,
        "mean": 25.605614285714296,
        "median": 25.912800000000004,
        "p95": 26.69102999999999,
        "stdDev": 0.9359388342346675,
        "min": 24.475000000000023,
        "max": 26.73059999999998
      },
      "memory": {
        "count": 7,
        "mean": 1044006.8571428572,
        "median": 1043968,
        "p95": 1044158.4,
        "stdDev": 102.8063366585098,
        "min": 1043968,
        "max": 1044240
      },
      "unitsPerSecond": 23154.579975919234,
      "samples": {
        "msPerWorkload": [
          24.916600000000017,
          24.475000000000023,
          24.605200000000025,
          26.000400000000013,
          25.912800000000004,
          26.598700000000008,
          26.73059999999998
        ],
        "heapDeltaBytesPerWorkload": [
          1043968,
          1043968,
          1043968,
          1043968,
          1044240,
          1043968,
          1043968
        ]
      }
    },
    {
      "category": "statistics",
      "name": "mean, standard deviation, quartiles, skewness",
      "batchRuns": 8,
      "unitsPerWorkload": 2000,
      "timing": {
        "count": 7,
        "mean": 1.7202767857142842,
        "median": 1.6536124999999942,
        "p95": 1.9523287499999966,
        "stdDev": 0.14583914912722992,
        "min": 1.6039625000000086,
        "max": 2.018924999999996
      },
      "memory": {
        "count": 7,
        "mean": 466328.14285714284,
        "median": 516486,
        "p95": 516916.1,
        "stdDev": 133006.54988938023,
        "min": 164698,
        "max": 517049
      },
      "unitsPerSecond": 1209473.198829839,
      "samples": {
        "msPerWorkload": [
          2.018924999999996,
          1.7969374999999985,
          1.6385749999999888,
          1.6039625000000086,
          1.635137499999999,
          1.6947875000000039,
          1.6536124999999942
        ],
        "heapDeltaBytesPerWorkload": [
          164698,
          516606,
          517049,
          516486,
          516486,
          516486,
          516486
        ]
      }
    },
    {
      "category": "matrix",
      "name": "8x8 multiply plus 4x4 solve",
      "batchRuns": 256,
      "unitsPerWorkload": 512,
      "timing": {
        "count": 7,
        "mean": 0.06947081473214294,
        "median": 0.06928164062500031,
        "p95": 0.07496652343750014,
        "stdDev": 0.003973267277722962,
        "min": 0.06366875000000016,
        "max": 0.0771472656250003
      },
      "memory": {
        "count": 7,
        "mean": 9746.00892857143,
        "median": 8902.125,
        "p95": 13101.565624999996,
        "stdDev": 2254.692824817162,
        "min": 8755.46875,
        "max": 14856.40625
      },
      "unitsPerSecond": 7390125.2248239145,
      "samples": {
        "msPerWorkload": [
          0.0771472656250003,
          0.06366875000000016,
          0.06859960937499965,
          0.06987812499999979,
          0.06928164062500031,
          0.06931992187500002,
          0.06840039062500036
        ],
        "heapDeltaBytesPerWorkload": [
          14856.40625,
          9006.9375,
          8923.84375,
          8885.125,
          8902.125,
          8892.15625,
          8755.46875
        ]
      }
    },
    {
      "category": "ndarray",
      "name": "vector add, multiply, and sum",
      "batchRuns": 16,
      "unitsPerWorkload": 2048,
      "timing": {
        "count": 7,
        "mean": 1.3326723214285718,
        "median": 1.3334499999999991,
        "p95": 1.355833750000003,
        "stdDev": 0.022580748869204546,
        "min": 1.2999749999999963,
        "max": 1.3570937500000042
      },
      "memory": {
        "count": 7,
        "mean": 248204.35714285713,
        "median": 248164,
        "p95": 248339.05,
        "stdDev": 84.06778727397824,
        "min": 248161,
        "max": 248387.5
      },
      "unitsPerSecond": 1535865.6117589723,
      "samples": {
        "msPerWorkload": [
          1.3091875000000002,
          1.2999749999999963,
          1.3570937500000042,
          1.3517437499999971,
          1.3528937499999998,
          1.3243625000000065,
          1.3334499999999991
        ],
        "heapDeltaBytesPerWorkload": [
          248161,
          248164,
          248164,
          248164,
          248164,
          248226,
          248387.5
        ]
      }
    },
    {
      "category": "linalg",
      "name": "solve, inverse, and eigenvalues on small dense matrices",
      "batchRuns": 1024,
      "unitsPerWorkload": 16,
      "timing": {
        "count": 7,
        "mean": 0.01601303013392858,
        "median": 0.014954687500000174,
        "p95": 0.01935185546874991,
        "stdDev": 0.002291256261795226,
        "min": 0.014096679687499947,
        "max": 0.01991816406249991
      },
      "memory": {
        "count": 7,
        "mean": 2467.84375,
        "median": 2213.046875,
        "p95": 3607.840625,
        "stdDev": 908.6946785131615,
        "min": 1453.046875,
        "max": 3653.5859375
      },
      "unitsPerSecond": 1069898.6521784433,
      "samples": {
        "msPerWorkload": [
          0.018030468749999917,
          0.01991816406249991,
          0.014954687500000174,
          0.016760058593750182,
          0.014199414062499915,
          0.014096679687499947,
          0.014131738281250028
        ],
        "heapDeltaBytesPerWorkload": [
          1594.65625,
          2213.046875,
          3501.1015625,
          3653.5859375,
          2986.8046875,
          1872.6640625,
          1453.046875
        ]
      }
    },
    {
      "category": "fft",
      "name": "512-sample real FFT and magnitude spectrum",
      "batchRuns": 128,
      "unitsPerWorkload": 512,
      "timing": {
        "count": 7,
        "mean": 0.10345982142857123,
        "median": 0.10001250000000006,
        "p95": 0.11557914062500013,
        "stdDev": 0.007704484327129249,
        "min": 0.09644374999999883,
        "max": 0.11828125000000078
      },
      "memory": {
        "count": 7,
        "mean": 47108.1875,
        "median": 47083.125,
        "p95": 47263.18125,
        "stdDev": 125.68270855279442,