{
  "env": {
    "generatedAt": "2026-05-06T14:46:43.339Z",
    "packageName": "numwiz",
    "packageVersion": "1.3.0",
    "node": "v25.9.0",
    "platform": "linux x64",
    "cpu": "AMD EPYC 7763 64-Core Processor",
    "logicalCores": 4,
    "totalMemoryGb": 15.62,
    "warmupRuns": 3,
    "measuredRuns": 7,
    "targetSampleMs": 15,
    "maxBatchRuns": 8192,
    "deterministicSeed": 1592594996,
    "gcExposed": true
  },
  "results": [
    {
      "category": "arithmetic",
      "name": "validated floating-point reduction",
      "batchRuns": 1024,
      "unitsPerWorkload": 2000,
      "timing": {
        "count": 7,
        "mean": 0.015810779157366072,
        "median": 0.015809220703124988,
        "p95": 0.015880054980468752,
        "stdDev": 0.000052808828274934425,
        "min": 0.015749919921875008,
        "max": 0.015886113281250003
      },
      "memory": {
        "count": 7,
        "mean": 521.4375,
        "median": 522.296875,
        "p95": 522.48828125,
        "stdDev": 1.8698333763917976,
        "min": 517.3828125,
        "max": 522.5234375
      },
      "unitsPerSecond": 126508449.56606007,
      "samples": {
        "msPerWorkload": [
          0.015749919921875008,
          0.015751994140625003,
          0.015826293945312486,
          0.015785993164062512,
          0.0158659189453125,
          0.015809220703124988,
          0.015886113281250003
        ],
        "heapDeltaBytesPerWorkload": [
          520.90625,
          522.25,
          522.296875,
          522.296875,
          522.5234375,
          522.40625,
          517.3828125
        ]
      }
    },
    {
      "category": "formatting",
      "name": "commas, abbreviations, and currency formatting",
      "batchRuns": 1,
      "unitsPerWorkload": 600,
      "timing": {
        "count": 7,
        "mean": 21.837594285714285,
        "median": 21.807514999999967,
        "p95": 22.055750099999983,
        "stdDev": 0.14563786309164706,
        "min": 21.682338000000016,
        "max": 22.114559999999983
      },
      "memory": {
        "count": 7,
        "mean": 1044006.8571428572,
        "median": 1043968,
        "p95": 1044158.4,
        "stdDev": 102.8063366585098,
        "min": 1043968,
        "max": 1044240
      },
      "unitsPerSecond": 27513.45121165804,
      "samples": {
        "msPerWorkload": [
          21.918526999999983,
          21.842664000000013,
          22.114559999999983,
          21.807514999999967,
          21.708837000000017,
          21.788719000000015,
          21.682338000000016
        ],
        "heapDeltaBytesPerWorkload": [
          1043968,
          1043968,
          1043968,
          1043968,
          1044240,
          1043968,
          1043968
        ]
      }
    },
    {
      "category": "statistics",
      "name": "mean, standard deviation, quartiles, skewness",
      "batchRuns": 16,
      "unitsPerWorkload": 2000,
      "timing": {
        "count": 7,
        "mean": 1.7049514107142858,
        "median": 1.6992860625000006,
        "p95": 1.7725816874999962,
        "stdDev": 0.04532762325885326,
        "min": 1.6666437499999986,
        "max": 1.8039232499999969
      },
      "memory": {
        "count": 7,
        "mean": 213754.5,
        "median": 242910,
        "p95": 243091.3,
        "stdDev": 77252.47091571461,
        "min": 38562.5,
        "max": 243169
      },
      "unitsPerSecond": 1176964.8702100147,
      "samples": {
        "msPerWorkload": [
          1.8039232499999969,
          1.6994074999999995,
          1.684641500000005,
          1.6813064375000053,
          1.6666437499999986,
          1.6992860625000006,
          1.6994513749999953
        ],
        "heapDeltaBytesPerWorkload": [
          38562.5,
          242910,
          242910,
          242910,
          242910,
          243169,
          242910
        ]
      }
    },
    {
      "category": "matrix",
      "name": "8x8 multiply plus 4x4 solve",
      "batchRuns": 256,
      "unitsPerWorkload": 512,
      "timing": {
        "count": 7,
        "mean": 0.05162785267857143,
        "median": 0.04937748437499989,
        "p95": 0.05960126992187494,
        "stdDev": 0.0052263884773641935,
        "min": 0.04870433203124991,
        "max": 0.06327273437499992
      },
      "memory": {
        "count": 7,
        "mean": 9718.49107142857,
        "median": 8954.15625,
        "p95": 12900.649999999996,
        "stdDev": 2144.0756382834147,
        "min": 8790.40625,
        "max": 14578.34375
      },
      "unitsPerSecond": 10369098.516878445,
      "samples": {
        "msPerWorkload": [
          0.06327273437499992,
          0.04877329296874988,
          0.04937748437499989,
          0.05101248828125016,
          0.051034519531250044,
          0.04870433203124991,
          0.04922011718750019
        ],
        "heapDeltaBytesPerWorkload": [
          14578.34375,
          8954.15625,
          8962.09375,
          8854.6875,
          8903.71875,
          8986.03125,
          8790.40625
        ]
      }
    },
    {
      "category": "ndarray",
      "name": "vector add, multiply, and sum",
      "batchRuns": 16,
      "unitsPerWorkload": 2048,
      "timing": {
        "count": 7,
        "mean": 1.077639464285717,
        "median": 1.0711667500000033,
        "p95": 1.1004702062500002,
        "stdDev": 0.01470363505287007,
        "min": 1.0642888125000027,
        "max": 1.1053313124999988
      },
      "memory": {
        "count": 7,
        "mean": 248160.35714285713,
        "median": 248126.5,
        "p95": 248294.5,
        "stdDev": 90.90733115179907,
        "min": 248123.5,
        "max": 248366.5
      },
      "unitsPerSecond": 1911933.8795757,
      "samples": {
        "msPerWorkload": [
          1.0891276250000033,
          1.1053313124999988,
          1.0642888125000027,
          1.0689688750000101,
          1.067503000000002,
          1.0770898749999986,
          1.0711667500000033
        ],
        "heapDeltaBytesPerWorkload": [
          248123.5,
          248126.5,
          248126.5,
          248126.5,
          248126.5,
          248366.5,
          248126.5
        ]
      }
    },
    {
      "category": "linalg",
      "name": "solve, inverse, and eigenvalues on small dense matrices",
      "batchRuns": 1024,
      "unitsPerWorkload": 16,
      "timing": {
        "count": 7,
        "mean": 0.016358539620535684,
        "median": 0.015185375976562332,
        "p95": 0.021593374218749982,
        "stdDev": 0.0033890263410867355,
        "min": 0.012545355468750019,
        "max": 0.022886838867187453
      },
      "memory": {
        "count": 7,
        "mean": 2380.808035714286,
        "median": 1981.796875,
        "p95": 3386.07890625,
        "stdDev": 862.5914102500283,
        "min": 1429.1953125,
        "max": 3418.921875
      },
      "unitsPerSecond": 1053645.2982589952,
      "samples": {
        "msPerWorkload": [
          0.014480166015625073,
          0.022886838867187453,
          0.01512895117187485,
          0.018575290039062553,
          0.012545355468750019,
          0.015185375976562332,
          0.015707799804687506
        ],
        "heapDeltaBytesPerWorkload": [
          1429.1953125,
          1887.3125,
          3309.4453125,
          3418.921875,
          3096.828125,
          1981.796875,
          1542.15625
        ]
      }
    },
    {
      "category": "fft",
      "name": "512-sample real FFT and magnitude spectrum",
      "batchRuns": 256,
      "unitsPerWorkload": 512,
      "timing": {
        "count": 7,
        "mean": 0.0640837265624998,
        "median": 0.06125838281249951,
        "p95": 0.07646550937499982,
        "stdDev": 0.007859682334454415,
        "min": 0.05843104296875001,
        "max": 0.08128948828125004
      },
      "memory": {
        "count": 7,
        "mean": 27644.45089285714,
        "median": 14622.75,
        "p95": 46128.28124999999,